{
    "rmse": 1.4614565734923932,
    "mae": 0.5318018433884241,
    "r2": 0.9761094411575948
}