{
    "rmse": 1.197744230526654,
    "mae": 0.5499768191253779,
    "r2": 0.9822359175476568
}